679.0517530133342	333.4488909956579	395.32546756508015	0	0	0	0	0	0	50.30422721966878
-36.78243565075601	-102.11684773185814	-659.7696875547467	0	0	0	0	0	0	51.14547205122485
8.887106420448543	906.7865818977579	-146.2728424269888	0	0	0	0	0	0	58.93405311400877
585.0484733367987	484.45159497673274	141.1316893482164	0	0	0	0	0	0	68.78707246904335
104.59475114043349	685.7224467075742	-58.479713884663994	0	0	0	0	0	0	51.33582913904029
-347.64255942927934	113.29721689588546	-688.0989866463492	0	0	0	0	0	0	62.42488328408554
273.23534419086127	458.67414465557175	-182.46693990428264	0	0	0	0	0	0	48.71773905245182
-334.29822295624143	746.639387565041	511.01648071689976	0	0	0	0	0	0	60.47895943705448
-492.03581062326674	513.1239124550265	282.57544765177613	0	0	0	0	0	0	40.42159989585067
378.6931858072764	-899.2117484607438	-116.19938937406849	0	0	0	0	0	0	64.1342317166756
573.7321956064818	81.90058387733146	664.7503256935705	0	0	0	0	0	0	46.112776638715154
-529.9630313051904	266.2634070854346	-312.14953884797	0	0	0	0	0	0	55.62949739842945
4.70701724625977	-584.6580091795679	721.6317392222154	0	0	0	0	0	0	64.46278481433082
-540.511029389235	645.4673466511367	-466.07858079073947	0	0	0	0	0	0	53.65991944775347
-840.711153150679	-272.1585119348351	439.90914457526696	0	0	0	0	0	0	48.234601830963115
45.513361143852734	780.6249372665679	598.5921425334197	0	0	0	0	0	0	40.13236969179755
121.23523969895622	-9.648376733461639	-201.8628351651608	0	0	0	0	0	0	40.35176102982376
-299.56234195151586	74.00524478892656	563.7086627479366	0	0	0	0	0	0	62.18546208530207
62.98438967483566	522.0062912558587	-178.70711583646147	0	0	0	0	0	0	45.88583744662906
146.7287234391801	-571.687069107214	-561.5420833284111	0	0	0	0	0	0	48.8546307303853
549.3305726058475	302.9821549552354	459.2322420102177	0	0	0	0	0	0	64.8762508364419
-111.77248870070633	204.72111622014745	-554.7668755286144	0	0	0	0	0	0	59.06368590013648
234.11165869565485	-409.6777665885671	-788.7437719819186	0	0	0	0	0	0	44.81761001317685
-8.614767377591814	81.49268626273587	924.4782265458347	0	0	0	0	0	0	49.215324985403115
-254.86350654208056	-627.1218861741272	12.982157209420198	0	0	0	0	0	0	61.171179640778654
615.612572580448	-707.4985067412363	247.08706622747025	0	0	0	0	0	0	56.66708029395332
-360.0963640384367	620.0263207521299	409.17281422723573	0	0	0	0	0	0	41.47276436910644
299.83124628907507	-530.623708372636	357.20448062189814	0	0	0	0	0	0	54.004251285217215
88.21351616670813	-510.181930075853	282.6617161083189	0	0	0	0	0	0	42.787628778463116
902.3579209065668	336.1235722591891	-165.7302676382142	0	0	0	0	0	0	58.47211298537605
73.16206592161257	620.9807274476686	292.45904843750156	0	0	0	0	0	0	48.61715040741478
237.13843562132996	781.11517907185	-492.76606821770264	0	0	0	0	0	0	65.82771258802194
314.9736911588792	157.58773018214046	-407.76063876221656	0	0	0	0	0	0	68.27701590610124
301.9401019080141	-459.0616630893285	-610.3071460931542	0	0	0	0	0	0	47.42526587696803
276.7127262459179	-219.5704179521556	394.5722883625238	0	0	0	0	0	0	61.8078191399901
27.914161255447656	-17.943310078085695	-524.9337933156224	0	0	0	0	0	0	41.033746801126966
-223.3756136868159	-3.0489407356948384	-323.6134340635841	0	0	0	0	0	0	47.880508835489614
322.7504060553268	-318.18346582155056	-282.56320095356637	0	0	0	0	0	0	47.74733986800569
807.8636562409836	-49.11671534216566	-214.65742832572587	0	0	0	0	0	0	54.255439963911115
-747.3744963500484	-465.0858766280082	287.02420484687565	0	0	0	0	0	0	62.790574213300076
683.023651612483	-136.96172262460317	-122.37483018568751	0	0	0	0	0	0	40.044237899363566
71.85368027429462	-442.3232752116042	597.6148403078438	0	0	0	0	0	0	53.83458216641003
-148.34715247992625	533.5720203129904	0.08861839122031867	0	0	0	0	0	0	61.81423132778997
675.9265806427011	31.581733626736774	-321.71337294116944	0	0	0	0	0	0	68.39702058391696
-177.69410332467794	118.98652528253528	494.7618233825546	0	0	0	0	0	0	50.41020207530904
-299.253340185297	245.00370117625047	-877.1648277789161	0	0	0	0	0	0	48.45959264870232
-439.12981519580006	-714.4318653839514	-498.1440819492393	0	0	0	0	0	0	40.170233149470576
587.0627882253525	295.31616958368147	-254.91696967149835	0	0	0	0	0	0	61.126725429981335
546.0743966194723	-2.410158369452464	158.80487750115523	0	0	0	0	0	0	46.39100054020253
694.5936325888096	-48.23111170542971	-109.30642502422528	0	0	0	0	0	0	54.42430668926861
-514.5103908540949	798.0402140211487	241.74699814892531	0	0	0	0	0	0	65.60674681620932
377.0845926664319	-538.6546402516701	-136.23245342069623	0	0	0	0	0	0	61.1852726650856
-107.94954676638513	-767.5335238615903	-492.53927858223847	0	0	0	0	0	0	41.589757559449836
-67.29746060546572	-658.7508295192328	-592.1651085341928	0	0	0	0	0	0	65.13844951277127
-425.08721689313234	-786.5430697943139	393.7392691100663	0	0	0	0	0	0	56.59768159966791
394.73724273210695	562.0402043308377	-617.8004104965536	0	0	0	0	0	0	41.38866248210667
518.8775210788795	-392.539717493225	577.7541423902326	0	0	0	0	0	0	46.339555145627706
-481.6228693282989	-811.8324004532815	150.52216396729133	0	0	0	0	0	0	69.89617869844234
-783.3753167769846	365.9751793676174	91.12685538280418	0	0	0	0	0	0	45.59067860497692
-121.1986573849626	303.9206668875929	-815.9484436991136	0	0	0	0	0	0	44.34968368267021
49.86139676464685	542.2215103954584	57.933392063600486	0	0	0	0	0	0	44.227510879070174
-963.0009055689719	93.02214253460717	-192.85408655692305	0	0	0	0	0	0	51.661900570940894
473.43504279435945	521.1760998518047	687.102853647822	0	0	0	0	0	0	66.21386295945632
-752.9346723207601	-611.52541577456	159.52167762183623	0	0	0	0	0	0	58.32399508883737
-128.0616534081682	-586.3822257158895	-319.92955388103627	0	0	0	0	0	0	54.90363365193823
-56.240045788511054	437.15491990340104	-740.5044651566843	0	0	0	0	0	0	57.7559966952906
64.55153529714951	-218.19342377128459	652.7280012385521	0	0	0	0	0	0	54.165585474886804
148.9899287982124	325.16262076256817	517.7266186697964	0	0	0	0	0	0	56.45715918059543
-9.374299231597938	-52.35246151342299	-570.9377118807914	0	0	0	0	0	0	40.14388634170689
258.44722337490555	609.4182888963306	74.16591644617476	0	0	0	0	0	0	60.151822490811334
-644.2584086493483	350.054396580183	-502.00525716841724	0	0	0	0	0	0	43.537999925308796
-115.7133362870808	-799.4137662368756	-19.200630624436776	0	0	0	0	0	0	45.616220409284324
586.9153533408418	126.0195580442467	660.9224240747893	0	0	0	0	0	0	48.39266265173782
-368.7687963328252	672.078584725063	223.43858064294508	0	0	0	0	0	0	67.6751173084809
-478.11138660354226	684.7759120488437	526.7835895757948	0	0	0	0	0	0	68.93062625509444
-307.43830186646994	-132.06486507068195	-31.84894805755656	0	0	0	0	0	0	48.05393765974556
-846.1726791510932	-298.02444546074855	340.1784212607457	0	0	0	0	0	0	55.86729156496095
29.186284467737078	-525.6163681849033	-416.7491608182301	0	0	0	0	0	0	53.55897328066335
-609.8487790125291	-16.14958739984118	145.54159719922666	0	0	0	0	0	0	65.36746184370605
658.7926721660131	-180.7219321239586	421.06586166057537	0	0	0	0	0	0	44.783152560852955
10.083802458201063	681.6474212357759	-451.88457377465016	0	0	0	0	0	0	44.051715990377524
116.65141449293914	-281.6734861388803	-90.00592601658485	0	0	0	0	0	0	50.01838602973115
-457.55723455515886	-2.809682550003245	201.05478396983355	0	0	0	0	0	0	42.465543988576705
-560.6994205744629	726.107536891849	-330.19253205845445	0	0	0	0	0	0	60.04981693271777
723.53224781217	342.25028829076456	-30.833751475243698	0	0	0	0	0	0	64.09780475696793
-581.0593675390323	679.4933143636741	216.611040571844	0	0	0	0	0	0	64.39979529763278
-410.1146436783449	586.616964647054	221.74819552181367	0	0	0	0	0	0	57.654636298791914
161.75549189946105	-635.6551412742429	-315.0037446852991	0	0	0	0	0	0	63.18254041120969
260.82610905174295	368.2568041537375	160.25088673747368	0	0	0	0	0	0	54.87738947577575
384.48179135741077	-203.2437175664632	303.764223378868	0	0	0	0	0	0	60.069329507463735
-713.6787930011149	-101.35677640510377	125.2421133602497	0	0	0	0	0	0	66.8625273876724
-281.66122965536465	37.630504565782545	840.0514946808571	0	0	0	0	0	0	47.124668481661715
-393.31337637279296	62.127719795689984	-113.18977645203398	0	0	0	0	0	0	69.79257686449934
-538.0921708314656	83.76915519249772	-168.71112597792194	0	0	0	0	0	0	42.82094320357196
-659.5734826413824	273.5559526042337	-151.1635906159152	0	0	0	0	0	0	62.911787856048925
-646.905145459772	289.6721343978439	-177.13155010911575	0	0	0	0	0	0	60.42941617840665
-101.83129042042837	-791.5058711822853	62.64340884795594	0	0	0	0	0	0	47.88276853764435
385.87314066052113	856.2593848382156	-259.85659455988497	0	0	0	0	0	0	58.7063920136168
106.70737129414753	-877.1264417304168	365.0460487229754	0	0	0	0	0	0	62.31790286822372
147.71792709865127	233.1348580830368	548.9165219640646	0	0	0	0	0	0	64.059865563254
-102.04617335186495	621.8181955671591	91.49556038707996	0	0	0	0	0	0	69.04941337887894
-263.0786307516342	-740.352590063619	240.10325432335833	0	0	0	0	0	0	48.46028256574667
-167.45864980347935	665.198871533209	-254.098548943142	0	0	0	0	0	0	67.26417263745498
754.7002163178229	401.8263613800066	497.39854230641845	0	0	0	0	0	0	50.33478152840988
187.99768718616372	597.7102750546237	-163.30458330768138	0	0	0	0	0	0	48.35996787657389
577.3422554022072	169.4784202305919	-426.9951134958605	0	0	0	0	0	0	63.83157949027309
194.93846736301902	587.9006451697938	-692.2853016477836	0	0	0	0	0	0	43.277722902930726
-892.6192243652182	191.81716942632755	-227.0487934681884	0	0	0	0	0	0	59.30477403976957
517.2578715859437	642.9645153244375	392.1689045386962	0	0	0	0	0	0	44.010825136564215
-882.321433413698	129.02575677552665	375.9663214732476	0	0	0	0	0	0	46.39055302139414
24.808138580314942	90.84965597320283	-592.655825219076	0	0	0	0	0	0	42.17985219011432
435.4670832250482	-474.49211580563633	-512.1090960401377	0	0	0	0	0	0	55.05070424717264
169.63432170449443	-239.3691211358413	-605.3600576747731	0	0	0	0	0	0	69.87943398947837
840.7994360974742	167.4395438877334	-287.3160703846329	0	0	0	0	0	0	57.9041602286812
-238.0853544495798	149.58215229205106	-132.67596023724872	0	0	0	0	0	0	69.82578376357623
881.5186903167601	-433.88265742776434	126.39881637997696	0	0	0	0	0	0	48.62627623018355
-237.81505701628714	310.7555147039025	-286.6451974112243	0	0	0	0	0	0	56.70700214795931
-26.48758770476345	-570.2229705228063	-405.3324515383174	0	0	0	0	0	0	40.84490253226696
-114.13074429441883	316.26619185774143	70.64610760907719	0	0	0	0	0	0	42.40057712235416
-214.61706620815858	381.3546893110651	-789.8704070808388	0	0	0	0	0	0	64.92041110732339
-489.7795405209431	397.15298064167246	-522.5374325863723	0	0	0	0	0	0	48.589966781789315
377.27631246596883	-368.8537750757694	726.9210178115402	0	0	0	0	0	0	66.57724269307676
-508.99239344246894	-132.20649791462824	-792.452027340068	0	0	0	0	0	0	59.28846984053
-345.2377511459575	143.8223734433337	821.6202672952728	0	0	0	0	0	0	61.589399883891936
-13.412067439328546	-138.99344427216897	-562.7098102854355	0	0	0	0	0	0	40.75385397831467
530.4106544221199	-233.5192409239184	-482.16391038489314	0	0	0	0	0	0	68.06173555679436
-744.5289338343799	-96.90286948214144	-285.0028978422485	0	0	0	0	0	0	47.67417423857104
560.9418632978218	-19.034546639943528	375.95406034733213	0	0	0	0	0	0	67.95465284541754
-149.5457969474634	12.657378162432842	-247.1451248521075	0	0	0	0	0	0	52.77333124294663
810.362278731839	367.0470566296853	311.99694533793786	0	0	0	0	0	0	44.30878424087125
358.5515771200223	-183.10904266293758	-527.3600634313094	0	0	0	0	0	0	54.154259163718685
-473.7372655682366	-56.175355746732606	327.289528834847	0	0	0	0	0	0	60.29238199135934
-54.27170877186782	317.7513751983709	-809.9587864906459	0	0	0	0	0	0	45.97734339853747
-514.7733607281943	-754.7483306405019	105.95580215212851	0	0	0	0	0	0	58.44025593134566
195.16023813801598	832.365318319304	-383.2479196223999	0	0	0	0	0	0	48.02056379830819
-402.75421812037047	267.5408246068285	591.0633570265658	0	0	0	0	0	0	51.65931126288893
-761.821974811943	291.06293675334706	240.15919303099676	0	0	0	0	0	0	40.678543978037034
-746.5649251225699	366.5031490478334	423.4907885778658	0	0	0	0	0	0	56.5402337950518
313.2243993963537	-534.7664807626855	-124.93872512244897	0	0	0	0	0	0	51.968095682312835
333.4456418478742	-460.3871849380932	-637.4771169879278	0	0	0	0	0	0	64.64023345142769
725.1922118128076	-137.78204417605	106.8703235095021	0	0	0	0	0	0	43.09802291947987
-381.27021942162065	42.1796229545075	321.8700876962619	0	0	0	0	0	0	56.786107386972084
467.9537009797539	692.6279719232076	-9.818956869222628	0	0	0	0	0	0	64.72166600087058
106.86838803157173	-275.6747572993299	-233.27993446139405	0	0	0	0	0	0	45.510797254550646
134.70494828457768	132.95522476502873	248.1103646072893	0	0	0	0	0	0	48.50407377184943
282.69278245731	-128.7606952149689	321.75997086379084	0	0	0	0	0	0	59.825582027806014
711.2147804656126	291.67990743446023	70.24947122494885	0	0	0	0	0	0	68.05575567343104
-498.20008505501437	164.73046903025602	-21.395135173921	0	0	0	0	0	0	40.83263303954216
722.0812164131378	620.1655128711066	273.21420461569977	0	0	0	0	0	0	61.56970383365574
-176.8613731822497	367.8622638253639	-680.0893039293126	0	0	0	0	0	0	66.54039041093702
-650.2396436922244	225.74170653789284	-489.29833603279246	0	0	0	0	0	0	52.30036392753824
-276.90563430505887	-757.9960652584692	-241.96730881416696	0	0	0	0	0	0	61.98000063107348
264.89132328907505	166.37159452466088	464.2266399968147	0	0	0	0	0	0	66.5997711796326
-707.3559579437779	-29.503699504771497	-245.46393852365523	0	0	0	0	0	0	40.891675156373985
203.19846016204178	83.5398914869132	-401.72147234980037	0	0	0	0	0	0	68.2941877408677
-673.7763080734518	435.626677421189	550.2436713997803	0	0	0	0	0	0	41.903898702186545
365.40893772002204	-783.922571794454	-254.27420827809445	0	0	0	0	0	0	40.821503500913785
-230.4106866462443	-549.9570775765244	-216.09821058920397	0	0	0	0	0	0	68.90751966637784
-768.0088075420452	62.33765003176251	-596.4659222828037	0	0	0	0	0	0	51.51502845851737
-882.2270393010285	383.5027051803612	-18.397175209341032	0	0	0	0	0	0	63.254700043186396
219.5143610331627	598.9140534883211	374.8539462388187	0	0	0	0	0	0	64.35722210760039
-126.39562102617496	-409.40346188207724	427.7860149506587	0	0	0	0	0	0	58.60010771413785
-409.97748256408204	707.3746605117482	348.13645928694115	0	0	0	0	0	0	65.41302395894472
572.0388451130916	-366.0332760867733	-455.6319116703875	0	0	0	0	0	0	43.41778954000389
-128.06030523111778	395.37967366059104	427.3479667348803	0	0	0	0	0	0	41.16519029595913
336.9949110735089	-2.286659752288145	161.464228500102	0	0	0	0	0	0	68.00363344824291
512.4467435668065	332.17993177714476	-778.6021274746093	0	0	0	0	0	0	45.4939580786045
-115.87796642765369	647.9640548715539	507.4118795674694	0	0	0	0	0	0	56.83955062688512
39.598912152765564	-0.47779248489554504	-385.7787393039334	0	0	0	0	0	0	54.26024485922592
812.4235369891073	431.35855137190583	-371.6724531536362	0	0	0	0	0	0	58.180451737029664
817.1461969382646	275.4285510917942	-468.39904209587235	0	0	0	0	0	0	50.8070709309095
-259.82791374716373	-459.9645899116349	577.7857298637516	0	0	0	0	0	0	44.05395308505967
804.542048557301	317.7631817242728	455.5022221795979	0	0	0	0	0	0	46.72212216785598
-232.2805560374399	888.0051940198381	132.86951659794565	0	0	0	0	0	0	56.625372735198894
437.6542103428722	405.99206135373623	467.9707925145311	0	0	0	0	0	0	44.5415253920166
420.2843796165316	746.6699536346329	464.1178233921126	0	0	0	0	0	0	64.17546704788742
-285.68632793337923	-714.4178039181073	-258.3423121923949	0	0	0	0	0	0	50.9884679298676
209.9551759953391	704.117706195425	-337.38540502393465	0	0	0	0	0	0	51.02521878443092
-219.70744371958074	-198.8816147198227	64.15322690627434	0	0	0	0	0	0	57.34806803640836
103.22348329711595	772.9439096713735	-257.999976513466	0	0	0	0	0	0	57.265883248246304
201.78530527599793	392.96276540212773	-574.9560939555658	0	0	0	0	0	0	63.86997290298232
150.12341315814882	-211.3271576934941	615.535620495677	0	0	0	0	0	0	43.495169264208116
-424.8796136420991	-72.5662114615342	160.95928234186863	0	0	0	0	0	0	57.16291727683925
-462.72389645131585	-651.6266109551294	146.35017781042592	0	0	0	0	0	0	43.708263278077155
-93.64733122787739	-330.09182966134085	-363.31072406470446	0	0	0	0	0	0	56.34031434218395
-257.4884033392122	-818.5077763015025	-56.960540259849864	0	0	0	0	0	0	48.24185433993969
553.2917355502178	292.2767929586292	-41.766191114738675	0	0	0	0	0	0	62.588233146568065
-212.91550124468682	787.6215287084686	466.8775190984187	0	0	0	0	0	0	59.856893593891655
-180.3072660980467	-588.2411726075909	467.1202869800011	0	0	0	0	0	0	57.82304317165449
846.9266233048907	287.3589635494396	45.88631565979906	0	0	0	0	0	0	55.36684006092953
70.70374126855938	-291.8908845392112	-246.71655835477458	0	0	0	0	0	0	63.20086708872856
126.08924625871154	531.8334634749635	-328.64637864377767	0	0	0	0	0	0	62.459020946143454
137.64065135059235	365.9405937083111	-640.1131521048118	0	0	0	0	0	0	45.771782049540086
-275.6970826148857	-420.813638313839	-829.1653162983308	0	0	0	0	0	0	50.6735400502304
-202.26826530176112	-643.3529592401142	-378.5466102018553	0	0	0	0	0	0	49.32063733857407
542.8912287897672	471.72910710480573	144.3326210037541	0	0	0	0	0	0	51.137082219136154
-435.86878447254884	-764.7297229570427	-369.13028585059226	0	0	0	0	0	0	55.50942751098602
-139.55102840595978	-430.637630102257	-453.2506882582617	0	0	0	0	0	0	66.65212878670275
-552.4390409333075	227.43299714721977	783.1189701486427	0	0	0	0	0	0	59.6541277305972
730.8863582076026	284.556982187103	121.79589504536992	0	0	0	0	0	0	66.59037044580461
-528.1143499202203	522.4105389747966	494.1181565231636	0	0	0	0	0	0	68.11948999165531
10.407658496843109	190.9245940869253	-30.562798053186402	0	0	0	0	0	0	60.354177406065105
-411.21725777695815	-361.8049245255994	376.1142403597155	0	0	0	0	0	0	68.07231517411188
43.647168707807715	808.5150247573849	17.566791163510675	0	0	0	0	0	0	48.77337457734179
-80.75834871155729	-203.15651586245264	495.83570762128784	0	0	0	0	0	0	47.427438260312464
-516.4825845143057	-118.97093382219293	512.3645416172225	0	0	0	0	0	0	61.97429880727091
-95.5979178139068	-128.21608869313474	974.0338416762006	0	0	0	0	0	0	47.21800363580163
64.51398037365408	-662.5946113955359	23.183268459597617	0	0	0	0	0	0	56.24159602556094
337.0159399585475	541.7642482582146	690.0905863053914	0	0	0	0	0	0	46.439938436731694
530.482399157223	501.5018053302316	-480.5057322540658	0	0	0	0	0	0	58.18440320455044
507.79517083622363	592.5604455130768	-232.0534536064893	0	0	0	0	0	0	42.02294325484667
537.7699679754162	228.98102476093075	105.45640792677435	0	0	0	0	0	0	59.75610610028278
197.4222064369	7.270884187309257	-453.1061910658574	0	0	0	0	0	0	60.75020930547004
-233.56732494546506	-771.0343994914024	408.5365380148351	0	0	0	0	0	0	68.45203517533747
307.455279323912	-751.786900180667	-424.56635563011156	0	0	0	0	0	0	58.06210092758252
381.397926557296	-308.57939261567947	-313.44763599004597	0	0	0	0	0	0	50.12320746326193
665.253117143251	-482.40420495179404	-391.1985567892362	0	0	0	0	0	0	52.87727516995384
268.374347452216	-19.036897744097114	-0.5208554493951745	0	0	0	0	0	0	54.44702751236753
650.3666256580063	-407.0693151026523	-232.0437924372798	0	0	0	0	0	0	50.045761060833755
125.07363212958245	-88.75952887922934	-613.5546966097625	0	0	0	0	0	0	66.00205964291189
557.1643882177426	608.8211200774479	32.64127443750375	0	0	0	0	0	0	42.11671392925156
-403.9252476004811	622.516841434496	409.4712405951171	0	0	0	0	0	0	68.98938662938127
-187.3131578411633	-582.0532381975063	590.0362133929056	0	0	0	0	0	0	53.906464827686776
378.81063266114313	362.1469873950782	735.1240576775969	0	0	0	0	0	0	56.23059609946862
-9.65303265560813	-312.74872158996027	-720.3855949756157	0	0	0	0	0	0	42.20659711595693
250.02560576027523	13.226668184029844	780.0090965293509	0	0	0	0	0	0	40.232682498424325
-145.52819237641134	249.48238105737363	-692.3176990721394	0	0	0	0	0	0	45.32599579575654
-132.14664423730983	23.44561211164775	-338.4837753522114	0	0	0	0	0	0	45.71559304104194
334.22547009156614	128.53601992778252	-589.0684902510053	0	0	0	0	0	0	62.899389132895166
-363.06579988191777	-66.1886805521199	755.0500824004982	0	0	0	0	0	0	50.79425847193979
450.6391361313318	-853.8480297269606	74.05490766606748	0	0	0	0	0	0	40.78493614270641
-377.8387658276894	179.22860891431068	759.0796867195979	0	0	0	0	0	0	40.07330329901384
-16.591776066369857	-669.6387715394275	369.54442677528033	0	0	0	0	0	0	58.13252119538921
-195.3474617924691	578.1933894958166	-464.46733741474367	0	0	0	0	0	0	48.815878076261555
-97.38133289218621	-695.3664397486938	-406.5243607193536	0	0	0	0	0	0	51.949042212971435
209.34502033365288	497.6674988195935	30.699947686981588	0	0	0	0	0	0	61.21660984448303
176.95411834714747	393.9473949448162	431.4739026707466	0	0	0	0	0	0	63.71733861769564
-353.693172534618	-407.60873115477114	-64.5795371265514	0	0	0	0	0	0	68.2445840519811
-25.000579467712836	-96.77435763194175	-318.2528071384585	0	0	0	0	0	0	57.55316483499089
-162.51864758433055	452.7419022828867	-239.04331979654447	0	0	0	0	0	0	65.86938350345682
424.88505867972793	657.1035533573331	425.4333989965455	0	0	0	0	0	0	47.61248776383043
156.1409404622327	-125.48284343610483	778.7512427122674	0	0	0	0	0	0	62.87599176282656
877.6856166328387	83.24028420517182	93.74668077174819	0	0	0	0	0	0	54.42442546450794
443.5910650750508	352.6826228522459	632.4156692947028	0	0	0	0	0	0	56.93791471417088
495.55746219238017	-373.5441209526815	-342.43492141276465	0	0	0	0	0	0	54.89751008473822
38.469212846674594	-445.00003640185247	424.2881941153245	0	0	0	0	0	0	67.22371083412492
-568.0852862388335	-485.64064886524426	-206.7627189669108	0	0	0	0	0	0	46.69640004814455
273.7437131361378	88.13398648715376	-730.5700051112392	0	0	0	0	0	0	55.756102569972235
403.6705316914997	-638.4268863825611	11.002783325110954	0	0	0	0	0	0	47.38254397015776
2.731545333325869	226.03073598687163	-570.4280547811402	0	0	0	0	0	0	56.7866139032134
396.044991154326	720.3419629772231	-123.3618697635559	0	0	0	0	0	0	53.89416773385828
-574.6474348892332	294.80570833302266	-53.41279432532309	0	0	0	0	0	0	41.912674757226235
-386.28438829823517	295.874029188806	508.4764323193318	0	0	0	0	0	0	53.77613565358506
-307.99760505946284	-367.77141167224545	-859.1483794077624	0	0	0	0	0	0	52.21434390553041
196.6815946716989	-77.10475766201297	111.21268087129054	0	0	0	0	0	0	67.40672591653662
-751.7764629183739	-302.7054575940453	-514.4777819653252	0	0	0	0	0	0	55.07966181045639
-160.13925394644346	121.59844795130104	289.84920549424544	0	0	0	0	0	0	64.21454745653153
-291.3954307274875	-671.9411808705815	539.0195009337631	0	0	0	0	0	0	50.46071691246846
630.9916036989924	-181.44057799983716	-461.76073378313197	0	0	0	0	0	0	53.51886466253821
-383.9294686727035	130.03393295683318	-193.79059468175262	0	0	0	0	0	0	48.24496811546214
-53.45894330733847	-572.4401284728237	266.3689595947907	0	0	0	0	0	0	48.68276660125704
197.81253536160338	666.5409899761144	-390.07014483938906	0	0	0	0	0	0	62.742685184382076
536.188903330225	-255.40521072383405	-190.99885528410044	0	0	0	0	0	0	49.18132667200308
60.865359211795145	325.80330495714225	835.9612607664144	0	0	0	0	0	0	65.82039066988654
125.46648040370556	668.3565058750505	-294.3199876743532	0	0	0	0	0	0	66.24848657395448
-747.5687046742987	-469.17823578803296	-118.15312674339663	0	0	0	0	0	0	63.031458624979365
-482.037156275398	641.5250032506781	-414.5587959640884	0	0	0	0	0	0	57.671026772416646
-245.08175989512804	-476.5374716325299	677.1927731111438	0	0	0	0	0	0	65.73763829223236
-111.2087224800029	116.20943683309903	-679.9056813572375	0	0	0	0	0	0	68.12418700137195
-705.8347977124089	-370.64933955590004	181.877997997971	0	0	0	0	0	0	56.42047576688721
-309.96687978129734	-488.16421758807405	-275.3156817792877	0	0	0	0	0	0	47.69992815840208
134.25496803682657	454.3517229406793	107.20141502559022	0	0	0	0	0	0	46.62051169806327
-95.24960422897789	-829.07838027177	-295.05665029188543	0	0	0	0	0	0	46.16241576781645
-64.03783311659694	572.7211342734879	-807.507754816911	0	0	0	0	0	0	67.55754451311606
-345.17617516113216	419.6449978740331	383.46706938078603	0	0	0	0	0	0	56.872890075495604
330.5064989592754	821.6329127132029	-254.97285873703967	0	0	0	0	0	0	47.26386023675921
51.122812005349516	643.127970836852	291.6454775046029	0	0	0	0	0	0	60.342624719054434
24.469124160671818	153.24909036855817	839.2755031714776	0	0	0	0	0	0	55.378338678517146
-631.0122994494529	-381.7966797186596	-634.2539772067744	0	0	0	0	0	0	46.66833772194927
178.3651895079288	-246.58190326038687	-63.29820348540505	0	0	0	0	0	0	67.41124149689047
-310.7314159889269	734.2642647549238	-56.0566117510648	0	0	0	0	0	0	68.33691862091895
887.6834671569225	346.13566328007425	83.91032174605195	0	0	0	0	0	0	43.2457542322573
205.31441941282492	710.0499987973175	-631.7441391108854	0	0	0	0	0	0	64.03796052588416
-106.80460988939444	7.7108367339846495	-459.42789687491324	0	0	0	0	0	0	66.1330619178323
-269.3450818460903	85.21259095737533	697.6396683987342	0	0	0	0	0	0	41.52332522044203
-246.36886802362713	-884.7224015255625	-269.50970373507977	0	0	0	0	0	0	65.39494637083314
366.80471248481126	-844.7245287692438	-111.9275285897503	0	0	0	0	0	0	62.95181184302415
776.173617177224	-327.85759854491835	494.5538934548215	0	0	0	0	0	0	57.05568727053245
-622.4535436331009	122.0488506522095	214.31769868842343	0	0	0	0	0	0	48.23814776114384
-441.3368170963805	-20.81510586194879	555.0871017021697	0	0	0	0	0	0	62.35713461967271
559.1258546063673	-336.6500173640015	-578.9438414098594	0	0	0	0	0	0	61.63829045981309
-82.43908678525358	227.89737585282532	-719.4880575742735	0	0	0	0	0	0	50.38272349454453
-384.3423182114729	-640.0078488117699	305.83879645452595	0	0	0	0	0	0	59.404076620742366
-98.93410447583007	868.2209358387279	202.6102389254727	0	0	0	0	0	0	63.93124571895772
-231.37850456817864	751.607532012072	264.3722319588746	0	0	0	0	0	0	49.742626551297064
-120.30589370352773	369.479011002487	216.69721823185472	0	0	0	0	0	0	47.29078010562767
-161.9682270254592	-291.2255925618128	-484.1469773695324	0	0	0	0	0	0	46.57062884094174
743.0706654984069	167.83432028956025	-161.35932575454203	0	0	0	0	0	0	43.08908973840646
-188.73839314664932	-140.67452099789168	867.6816793553947	0	0	0	0	0	0	64.37714287530358
96.85783732919084	-737.1559899222193	-5.139446964330663	0	0	0	0	0	0	53.877481737836554
190.76455393684367	-450.84077059343474	-106.31285774825594	0	0	0	0	0	0	54.930968135143004
-692.9915075196323	-198.1593556256449	680.522480097201	0	0	0	0	0	0	46.31860325702514
237.20141776893877	409.74003334668294	194.19300361751235	0	0	0	0	0	0	55.01968464770198
-79.0014649074302	-989.6444154100727	-73.031354854173	0	0	0	0	0	0	64.76890260261658
784.8488127204147	-314.438417054963	490.2082581926641	0	0	0	0	0	0	60.46977830871775
-503.87107089515393	757.1372083351808	272.22362098954324	0	0	0	0	0	0	51.09752792312564
564.9013422536191	139.8795394637049	812.2183592567267	0	0	0	0	0	0	51.527326655453194
-630.810264087502	-200.9388595501691	-28.258391226872792	0	0	0	0	0	0	42.493719977533516
-770.7031844303209	408.10690765298307	-303.0080165542954	0	0	0	0	0	0	44.167711543140285
212.46708201232866	63.04405408153046	-118.69059488853839	0	0	0	0	0	0	69.5821137237971
597.6902162225457	227.58890420402267	-38.2960777981749	0	0	0	0	0	0	43.324786984760266
64.02013334822065	-900.5934126956663	240.12525462370604	0	0	0	0	0	0	49.237925271315866
-326.0979526044827	-275.1282347464481	-107.3895432162888	0	0	0	0	0	0	56.97799026697047
469.4121567170542	357.51172534939843	49.38382105315719	0	0	0	0	0	0	55.9514207211321
577.16531912935	-208.16114400836926	564.4183442892153	0	0	0	0	0	0	63.761719729047385
-280.6741078717727	584.9718183694504	-546.8605456176134	0	0	0	0	0	0	44.95607319003911
-480.17114960749205	43.68190770217373	-781.1544089290545	0	0	0	0	0	0	60.42212609253529
245.6780730534116	114.75235977028308	754.862201474019	0	0	0	0	0	0	58.91504569207449
248.21573488865224	679.4002672316259	277.358974459923	0	0	0	0	0	0	52.4578512061955
473.69735153349035	857.5837049594167	4.518621563832426	0	0	0	0	0	0	41.995338222160896
-42.292201088860004	663.394890503831	464.90620248925427	0	0	0	0	0	0	63.00462050592184
4.6053065285858175	422.33394081628273	-692.6079717545343	0	0	0	0	0	0	60.17640354184495
251.15430762616998	332.2236693508711	398.68155115047176	0	0	0	0	0	0	59.374770022951736
279.89762144791274	265.08984272603664	266.74985197013524	0	0	0	0	0	0	66.72867421266176
171.4182439232248	-354.0114921913062	-598.3911897099161	0	0	0	0	0	0	47.189618667238605
-283.90891846049016	732.545018466583	-355.5572275273429	0	0	0	0	0	0	43.9625245415574
-539.1242156238092	-323.22476878758	-39.22089331631851	0	0	0	0	0	0	64.64181052885036
165.12970071796173	231.42159357799795	495.53239156372706	0	0	0	0	0	0	64.75779871337403
692.3847815923381	-64.84203555100576	221.90816358664378	0	0	0	0	0	0	50.80435719491106
-512.2018764624934	-601.5590271620872	-473.82356345896915	0	0	0	0	0	0	55.03591277796281
649.1066613706242	370.1444709388775	-611.5947203833136	0	0	0	0	0	0	54.50884825812763
398.38568911546804	-511.33457826859274	-446.14527148577343	0	0	0	0	0	0	63.530054253704755
387.1960807456345	-158.40635469555852	370.62873852463827	0	0	0	0	0	0	63.786703566826375
-204.36526048662307	-486.5211729206167	-567.1447163080492	0	0	0	0	0	0	68.47553013490428
204.63991519171822	-434.9920049913183	-73.64975460142188	0	0	0	0	0	0	52.08628136727085
-596.5766598007099	95.64790476627883	-445.57508830664983	0	0	0	0	0	0	57.27171155336184
46.27651381380504	-216.83743303141068	-369.96186332453095	0	0	0	0	0	0	45.37847963429289
704.4041403598201	-72.99325181548922	-162.83795287379155	0	0	0	0	0	0	43.653439327852496
599.3148813765989	-354.1961235710231	-250.62484711351328	0	0	0	0	0	0	56.60150562418081
278.33137853314224	-835.8736484830871	214.61017298154016	0	0	0	0	0	0	64.81671158741955
279.66943120281184	84.66188196847835	-648.7999720364081	0	0	0	0	0	0	40.710507608083304
406.3419629753109	-284.13537109125156	497.3826087259301	0	0	0	0	0	0	68.04935560062717
-403.5431421554754	452.4807588535533	-466.94164230303284	0	0	0	0	0	0	55.73412204549359
918.553425822203	38.38443428177784	166.03352776102741	0	0	0	0	0	0	68.59144576734985
560.7365434019149	-63.81286257879548	-259.5745995724799	0	0	0	0	0	0	57.744444007865944
-367.0135786582991	357.3554778009447	414.32925682453805	0	0	0	0	0	0	49.87994853016596
-296.8821577337013	-264.06341209855276	-39.115958097099664	0	0	0	0	0	0	65.61976570456744
134.51931745772416	308.238573815522	-894.5360583114588	0	0	0	0	0	0	68.86389361623381
488.60334069750076	598.7038452073916	267.61761672249486	0	0	0	0	0	0	65.87851658642028
-219.74487033231816	115.20563238556747	92.6769786083197	0	0	0	0	0	0	61.89266770324721
-213.77129790698436	-400.3305807066462	185.6996796803707	0	0	0	0	0	0	66.14884905810402
206.5559062382496	-703.4087247842535	-447.9125789856719	0	0	0	0	0	0	57.112671365374425
-673.6619604531863	-663.8611816669062	-92.17992265229435	0	0	0	0	0	0	47.297677513106336
264.124605565005	-584.2395858718393	632.4248767899734	0	0	0	0	0	0	64.76274662168963
-608.9808387131219	-525.7789833253833	382.21125803797173	0	0	0	0	0	0	46.59987726355563
-336.13379194188565	742.5109345352174	-309.25777878027725	0	0	0	0	0	0	64.07116804853901
816.29786074777	-337.96431049055053	258.6360636176468	0	0	0	0	0	0	61.058610608618395
887.1939373063826	-67.30315571924272	433.98243654563686	0	0	0	0	0	0	44.33076415503425
660.8049650754011	421.52476029143094	-369.9025735803807	0	0	0	0	0	0	57.46422234606835
200.2342055100068	-476.7415971511069	298.67956805559936	0	0	0	0	0	0	58.91631080237096
-148.69025302246098	675.8285908964234	159.7493656312645	0	0	0	0	0	0	62.9781570021686
-193.38366338414613	783.4902489633299	12.757448521900194	0	0	0	0	0	0	43.35087874968723
256.7878863937616	-153.58344101969658	-379.951544468967	0	0	0	0	0	0	50.70666314407103
732.505615310036	643.6679517605608	-181.12027664219266	0	0	0	0	0	0	58.498883386598415
-775.6501957822745	-121.6665474478873	-46.41837275364047	0	0	0	0	0	0	61.400013411364014
642.1194068500431	-254.1281066348402	-255.14850108712795	0	0	0	0	0	0	50.08902906529094
436.4933825277033	604.8881979986453	-215.4450023865353	0	0	0	0	0	0	63.04457268398712
-318.94843053755915	523.9109432046027	-517.9394962387689	0	0	0	0	0	0	50.05899815727932
316.2973460956699	532.2671925472844	-602.0388740810607	0	0	0	0	0	0	63.07997556055598
-613.5534034145867	-95.58739038059994	-259.02672782941096	0	0	0	0	0	0	60.317604025910775
644.1721343067113	237.20636224077074	-447.2204104022026	0	0	0	0	0	0	53.05416434248634
-311.4097178919928	158.06759063536768	-241.13983965347074	0	0	0	0	0	0	58.585081949627764
-57.96164793730219	222.82649562690526	473.8312038321464	0	0	0	0	0	0	57.537368283795445
-371.9306627277792	-248.05023973542228	-736.4868629864487	0	0	0	0	0	0	63.72126650244412
-363.39651558875016	-283.3513366534195	-629.2441396699782	0	0	0	0	0	0	55.35754104173615
411.0094041427472	726.4901298090174	438.77157820530056	0	0	0	0	0	0	54.36825970792532
113.68790588646061	-28.66239325680242	-205.1553464759932	0	0	0	0	0	0	44.341506888277294
403.23388531699146	-282.21025314660153	-17.995123059175278	0	0	0	0	0	0	56.48227464200277
-877.1700287067059	115.96697635495623	455.06911756227765	0	0	0	0	0	0	46.21208773749787
93.77830709060619	64.72757163508147	-714.6945792152875	0	0	0	0	0	0	41.99158481911851
775.1411360998829	559.4845044108027	-252.78550644572252	0	0	0	0	0	0	44.71703897471086
-807.7590110874198	-504.9827718768842	190.94312436935869	0	0	0	0	0	0	45.91756662322516
384.637636482982	-578.2914939559478	-466.37644073260367	0	0	0	0	0	0	63.27480413979732
529.0292540505095	610.3374469661546	-11.905959934804589	0	0	0	0	0	0	62.72149207674647
-39.02539471524457	-140.8536920164192	164.90570755334977	0	0	0	0	0	0	44.96182029761753
-54.66508446648754	-877.7039815376129	348.088583246577	0	0	0	0	0	0	61.653239414057865
-460.0397303053678	667.9517163597679	421.18013059910277	0	0	0	0	0	0	49.46732125996042
-435.470936165729	-49.09519276741392	-798.3605797663466	0	0	0	0	0	0	61.239505192925364
-577.7039189609629	-355.31003719248446	-136.459075036115	0	0	0	0	0	0	45.04707476863188
825.9838954105669	149.13255121481762	-225.61943489435697	0	0	0	0	0	0	43.22952621075877
732.4776939432822	442.3032629341823	-92.22306812004177	0	0	0	0	0	0	42.6353666613841
441.42288811133443	-543.0656418688824	-242.4870677865445	0	0	0	0	0	0	55.33095405151129
133.33108973813478	420.73277588377067	-744.6590107322288	0	0	0	0	0	0	58.8920148216401
301.8977580425273	455.55932096205606	444.2089583536508	0	0	0	0	0	0	63.818865905108424
31.914897578192658	479.77604833455655	-91.31581500130892	0	0	0	0	0	0	43.40314091927614
19.464583620284248	-713.1959894431272	17.885647859574583	0	0	0	0	0	0	48.453095182592776
180.3136971753645	-925.596810898679	-178.51995820063803	0	0	0	0	0	0	67.49606599642304
-85.01960801927089	-990.7702561130653	-104.22927282309314	0	0	0	0	0	0	58.04929407745732
-269.4866097905151	250.87218175189685	348.65106755632746	0	0	0	0	0	0	61.964307863409665
211.47444544490978	-329.0726950999505	-574.2846508789148	0	0	0	0	0	0	68.11322230183937
-154.40153279354263	465.2611207158106	767.4105556821709	0	0	0	0	0	0	49.593047043183844
73.22739748193241	425.25802512504464	259.85674985333196	0	0	0	0	0	0	50.138405457138326
-109.2586989753359	803.9217735286454	362.996014781154	0	0	0	0	0	0	52.1967255213275
-642.0339072319497	316.48345877059427	-693.878890536856	0	0	0	0	0	0	51.34831899115204
-221.64461978079285	711.2684025758545	624.265093696494	0	0	0	0	0	0	69.6672274343398
797.9499838911504	32.769159204091736	583.9588065467427	0	0	0	0	0	0	40.59500566434894
-666.2430933534025	-462.8011381227428	-154.54887646548698	0	0	0	0	0	0	42.663332362477604
302.5504811571134	609.5279151580369	-726.3124017866974	0	0	0	0	0	0	57.0308132488934
-664.6123014510077	-506.6909010904461	438.20442767668675	0	0	0	0	0	0	56.96415388840618
-89.8319005723951	-634.3584294664835	-670.3864573165723	0	0	0	0	0	0	66.43293215794853
-296.3875427266274	650.5590213963761	375.91950182822	0	0	0	0	0	0	45.383260368300114
-412.6552014602525	406.7087561216534	-496.2899657892641	0	0	0	0	0	0	54.01685981931792
-475.1277312534885	373.89697539967995	-55.30272962903426	0	0	0	0	0	0	43.41621505956921
781.8305667045178	-51.83582411736243	267.3261487383676	0	0	0	0	0	0	69.8324822813312
414.6246376408378	68.61584775346773	-322.0379730223537	0	0	0	0	0	0	52.72000996066943
-258.8917705115583	-190.407636659784	-228.76318755781622	0	0	0	0	0	0	41.824765937693144
-57.495708758286135	-479.79516208174334	-418.30661109004376	0	0	0	0	0	0	57.82103487925443
-333.9015433654482	213.002056084993	118.50654882755896	0	0	0	0	0	0	47.381041189570055
-903.5063445317269	-316.2343985918579	263.30280561465446	0	0	0	0	0	0	60.737875220779394
-308.4342401611546	53.97436929532606	-669.6185389010494	0	0	0	0	0	0	40.36857308836481
-370.1093697929623	48.90174044372087	-219.60262299596556	0	0	0	0	0	0	50.11319395222841
-461.9992681829683	230.60842091228562	359.539079751003	0	0	0	0	0	0	66.53161364350039
-124.0685800514516	-815.7514620129787	268.7912876547358	0	0	0	0	0	0	60.08203499378871
-292.05405449660395	151.48911684810605	-410.3846772524302	0	0	0	0	0	0	41.71945671242895
799.6514489540223	-97.3633157817302	-539.7526398032566	0	0	0	0	0	0	62.024228292265626
-32.23096112873725	871.3840444357994	-377.36020084017554	0	0	0	0	0	0	61.43567246520616
-605.9420568824407	417.3069688126061	-332.07894785616253	0	0	0	0	0	0	59.56218547816721
704.6549982537753	-598.419991833544	-313.55602403674834	0	0	0	0	0	0	66.14228265605747
-323.8783297692578	318.5225111084833	427.4238641637651	0	0	0	0	0	0	42.61749150867018
397.49978061212363	440.597424236318	-788.2751776049886	0	0	0	0	0	0	48.144578125298345
-107.59390731553253	-712.5754589556759	-551.6591227779663	0	0	0	0	0	0	64.2349150004426
-548.7460504697755	-249.00516349971502	81.3651914920488	0	0	0	0	0	0	60.779451412133696
45.43733048550447	206.92938232949797	-311.1680618194312	0	0	0	0	0	0	69.22536644241865
-317.3433471929341	-84.13491651324634	-209.90291703532858	0	0	0	0	0	0	58.41458238320969
-312.6468668031475	654.2987878214776	375.3385794009159	0	0	0	0	0	0	56.70200830133907
-264.633018029254	-256.12660254117213	-435.850699979905	0	0	0	0	0	0	52.65884437692419
530.3506315181971	342.6567906020801	564.5241549274309	0	0	0	0	0	0	43.893816499101604
-250.8944686914858	-318.903915887792	-881.0018769641599	0	0	0	0	0	0	57.89955069520692
607.2124301622379	431.5316050585287	-657.3456085110871	0	0	0	0	0	0	51.52727052798206
465.4551572706156	-439.7939438420568	442.27472477828076	0	0	0	0	0	0	48.838626320248885
683.7126417788437	645.0902569624049	-216.25912994951958	0	0	0	0	0	0	40.70645262656835
-144.65872843965766	558.5214466855995	250.9211535882665	0	0	0	0	0	0	43.694844498278115
-333.66317439589244	-458.242563618025	-403.8722846588598	0	0	0	0	0	0	59.19422491465313
-141.60652028586452	704.4051143796448	170.11478239892818	0	0	0	0	0	0	42.24177229027949
-251.4385330365041	-560.5859961582489	408.44962572836073	0	0	0	0	0	0	60.52824612659903
19.079638850886038	420.57733320620105	603.2756984462458	0	0	0	0	0	0	43.04683487373739
685.995146713069	38.59271458537394	-390.90670419858185	0	0	0	0	0	0	60.15592230366493
119.3505150123313	904.2796549611625	14.013350385872592	0	0	0	0	0	0	53.95938423367634
455.8295214915775	169.07519843455665	549.9265845738153	0	0	0	0	0	0	40.17254833453919
375.5103176558121	285.19145896051026	-304.57136896845327	0	0	0	0	0	0	48.350848020017665
-241.75206447148545	-450.5660077660312	326.04819107739934	0	0	0	0	0	0	64.4606209819411
227.16117702547356	-356.84829921542473	467.4982211086527	0	0	0	0	0	0	60.426191279876065
-278.47217661989674	-689.6712821916608	-417.57140492876266	0	0	0	0	0	0	47.60795020478129
-262.7911061286663	-321.4516651444121	-902.9733899292438	0	0	0	0	0	0	59.12575920372796
-2.896490819865427	228.36267520301766	360.1104154577581	0	0	0	0	0	0	59.18427243465875
318.57828607068274	395.0211372526171	-27.487843184395455	0	0	0	0	0	0	42.41697071478078
-170.50863056943345	-920.8713244222317	84.811693452711	0	0	0	0	0	0	66.53235600221473
732.0941919869504	-190.68305680196264	367.0670927847164	0	0	0	0	0	0	57.25182756637959
-471.3998156735837	397.54000766714717	308.7908847588432	0	0	0	0	0	0	68.96857550045387
688.231353860954	-254.8825169261164	-160.70469453555347	0	0	0	0	0	0	60.860952979408204
430.87109712485415	-122.62184337809146	-630.5069762910693	0	0	0	0	0	0	66.05228598522625
-277.7094704132823	85.16923130932508	-641.4333822382554	0	0	0	0	0	0	44.33256224494061
331.61064948641706	-436.4533527995298	721.9504491232663	0	0	0	0	0	0	64.0268610202489
404.32494841796495	-35.541711274686975	-191.18995146115347	0	0	0	0	0	0	58.29414050486978
295.75269683522754	853.3476520569341	372.93763195531415	0	0	0	0	0	0	44.338991540436496
118.26345168942431	836.8999054121699	-342.8088029967831	0	0	0	0	0	0	51.71863926431416
-321.3339052908122	36.909341078833705	356.95729889459795	0	0	0	0	0	0	44.20167405826804
-87.27790448654326	133.560522198616	-420.47828163461884	0	0	0	0	0	0	56.17886482660521
-383.44229479343016	83.29135631725215	-669.5381171800636	0	0	0	0	0	0	46.64476899021873
-107.50189987932046	-294.4410084892026	-194.1127357213781	0	0	0	0	0	0	58.40707711131344
-126.59262486437095	193.81067588450662	-433.8163325832629	0	0	0	0	0	0	58.47236028258742
55.9278569413828	97.81344392348234	-608.4085892426306	0	0	0	0	0	0	64.56050240148943
-280.513737436515	-363.8909469686036	-437.8702068880247	0	0	0	0	0	0	69.98107182702708
222.70253623184823	-393.5216930359178	-41.17078030771726	0	0	0	0	0	0	42.65111901803607
918.2795077252122	-283.0531547463555	148.78059702078428	0	0	0	0	0	0	52.13155316629295
-308.25529661851283	52.38510911395888	361.26050409141766	0	0	0	0	0	0	64.30735273326978
173.4646478839461	-36.55184926063182	623.118904718417	0	0	0	0	0	0	47.67764120654478
259.6087633908648	272.0187308132984	671.2468361838404	0	0	0	0	0	0	57.45693225495073
413.55443791900905	-696.2482892064598	-233.28940967369948	0	0	0	0	0	0	49.35446461485614
414.069316560171	715.3239281048443	-237.58361637470804	0	0	0	0	0	0	65.08573028758333
-433.2393499966951	-507.4078574468239	-426.2936792267071	0	0	0	0	0	0	62.99862684825175
-464.7235807569916	-238.87835779702638	364.91136107202806	0	0	0	0	0	0	56.77157808268826
671.647945059922	-110.01589771968368	-47.14562668478717	0	0	0	0	0	0	62.73266498094602
615.3991273835975	377.1041254538714	115.0692714533581	0	0	0	0	0	0	41.86527945707843
246.3394923118174	-313.09109539832434	-134.15633710468367	0	0	0	0	0	0	68.0097680011911
-288.90413083141374	180.11824165340462	-782.762602776896	0	0	0	0	0	0	49.57819397558918
173.7493584683616	-674.8075696408082	-706.2282492112244	0	0	0	0	0	0	67.11924516376843
351.27616774701266	-590.446071719787	110.47868517242598	0	0	0	0	0	0	57.10643892146337
-325.4738456814263	406.94843714793546	-735.3574756246917	0	0	0	0	0	0	50.478424727398945
-812.6191102938529	-147.2692547666772	-55.11493589125038	0	0	0	0	0	0	44.05047305435877
112.86467655102771	796.0469711815455	414.7737295103888	0	0	0	0	0	0	60.92026145940982
-668.6456742013394	157.31337826176483	-62.975994614923536	0	0	0	0	0	0	46.11374809707146
-581.3666001707154	-10.965003334365786	-92.3970340343958	0	0	0	0	0	0	55.11122237213059
-35.14375934533342	-857.5201140502124	-321.9592524782548	0	0	0	0	0	0	66.55975344966166
-421.25320365268146	-619.7852127793819	499.88747466881557	0	0	0	0	0	0	40.940867418097305
-697.1853017810652	-27.285326202446836	275.8879425236311	0	0	0	0	0	0	51.19085561281517
120.19505341079828	90.55070748269367	610.6129902922506	0	0	0	0	0	0	45.07810506761862
357.4818848323744	55.29808220959032	188.95680512467462	0	0	0	0	0	0	43.52406076957394
631.7356187374119	-294.20844902024834	4.890852497747122	0	0	0	0	0	0	49.10488654116248
-272.7081088273806	-428.1958736194991	821.2081099098735	0	0	0	0	0	0	47.144465028948154